index,countryoforigin,visits_2002,visits_2003,visits_2004,visits_2005,visits_2006,visits_2007,visits_2008,visits_2009,visits_2010,visits_2011,visits_2012,visits_2013,visits_2014,visits_2015,visits_2016,visits_2017,visits_2018,visits_2019,visits_2020p,nights_2002,nights_2003,nights_2004,nights_2005,nights_2006,nights_2007,nights_2008,nights_2009,nights_2010,nights_2011,nights_2012,nights_2013,nights_2014,nights_2015,nights_2016,nights_2017,nights_2018,nights_2019,nights_2020p,spend_2002,spend_2003,spend_2004,spend_2005,spend_2006,spend_2007,spend_2008,spend_2009,spend_2010,spend_2011,spend_2012,spend_2013,spend_2014,spend_2015,spend_2016,spend_2017,spend_2018,spend_2019,spend_2020p,sample_2002,sample_2003,sample_2004,sample_2005,sample_2006,sample_2007,sample_2008,sample_2009,sample_2010,sample_2011,sample_2012,sample_2013,sample_2014,sample_2015,sample_2016,sample_2017,sample_2018,sample_2019,sample_2020p
0,Argentina,14.6,21.5,23.2,20.9,28.4,30.5,20.1,55.4,52.4,61.1,93.7,93.5,92.5,113.3,126.1,107,115.3,96,31.6,381.7,153.8,222.9,143.6,241,193.2,149.6,334.6,334.8,299.3,779.5,425.4,560.9,714.6,685.4,538.8,1681.5,712.6,245,11.6,11.9,12,9.9,18.1,13.6,11,29.6,34.6,26.8,88.4,48.4,51.2,73.2,65.5,66.2,121,49.8,40.4,39,42,36,34,45,57,32,74,71,70,89,104,108,108,116,108,81,66,40.4
1,Australia,436.9,450.7,477.7,552.6,578.8,595.3,583.7,571.2,624.3,681.3,596.9,687.3,614.9,629,600.4,653.6,588.3,567.6,88.1,3058.7,4205.5,3663.5,3943.1,4459.6,4635.6,4207.9,4486.4,4809.2,4639.7,4267.6,5381.2,4608.2,5149.6,4148.3,4551.1,4239.1,3920,618.4,203.4,234.7,240.2,255.6,308,328.5,354.1,411.2,432.9,500.7,469.7,547.1,561.7,506.4,478.9,553.5,452.4,512.8,83.2,1167,1105,1241,1463,1396,1256,998,1240,1497,1187,1100,1210,1015,949,800,861,632,669,83.2
2,Austria,109.5,129,128.7,122.3,140.8,163.7,141.7,168.8,165.9,164.9,153,142.8,145.4,152.7,180.2,148.4,158.4,205.4,9.9,560.2,715.2,495.8,573.3,776,611.5,757.2,759.7,723.1,869.1,834,621.9,705.2,700.9,782.7,572.6,603.8,641.3,36.2,46.2,54.6,40,45.9,54.2,57.5,67,93,85.5,79.4,70.1,67.2,78.9,84.5,87,66.3,65.5,108.5,5.8,195,162,194,158,192,205,150,244,265,219,190,217,190,195,208,155,128,122,5.8
3,Bahrain,,,,,,,,,,12.1,21.5,23.9,19.2,11.6,17.6,21.2,24,31.1,3.1,,,,,,,,,,99.8,143.6,205.8,180.6,130.6,184.3,195.8,253.7,215.2,26.2,,,,,,,,,,20.1,40.4,64.2,36.1,18.3,35.9,61.3,75.4,54.4,5.4,,,,,,,,,,20,37,40,38,19,27,35,37,42,5.4
4,Belgium,288.6,306.2,359.2,300.5,342.8,351.1,307.7,349.9,488.8,406.4,470.3,530.7,490.2,529.8,453.7,514,511.7,519.2,86.3,866.1,816.8,1134.2,858.9,1212.9,1060,961.9,1291.7,1634.8,1139.5,1336.6,1512.5,1683.1,1417.7,1514.5,1484.8,1480.7,1385.7,237.3,70.9,71.8,95.8,76.7,117.4,105.1,98.6,117.9,169.3,130.7,158.6,203.7,175.8,186.3,145.9,192.8,182.1,194.7,31.5,438,445,571,574,561,472,402,377,446,347,384,448,376,415,350,400,272,267,31.5
5,Brazil,64.7,46.1,58.6,65.4,91.5,108.9,150.9,108.4,149.2,211.3,215.2,220,256,259.6,148.8,195.8,191.9,214,68,796.5,812.6,853.1,996.6,1353.6,1388.2,1570.2,1386.4,1337.5,1615.2,1602,1605.3,2126.7,1975.6,1251.7,1467.3,1336.4,1624.4,465.4,52,53.4,38.5,70,76.3,94.2,109,102.2,117.7,209.8,182.9,213.5,197.8,199.4,112.8,186.2,163.4,178.9,53.9,132,102,113,144,161,167,160,149,241,258,245,282,270,267,188,223,199,180,53.9
6,Bulgaria,,,,,,,44.3,55.7,49.3,52.6,53.9,55.2,71.7,70.3,96,98.3,113,89.2,22.7,,,,,,,686.6,378.3,356.4,708.4,598.6,318.2,972.5,471,813.8,687,829.5,824,78.8,,,,,,,19.5,43.2,25.7,39.2,26.9,27.9,50.7,28.6,31.8,44.4,49.7,45.3,9.7,,,,,,,31,54,66,59,62,58,70,59,68,60,41,38,9.7
7,Canada,358.3,317.2,368.9,399.2,439.5,478.1,499.7,371.2,389.5,428.8,402.9,434.5,359.2,407.5,445.3,457.5,474.4,499.2,62.8,2092.6,1892.9,2281.9,2059,2592.3,2594.1,2787.1,2238.9,2605.7,2475.1,2423.1,2502.9,2251.4,2188.4,2832.6,2875.7,2613.1,3102.8,300.4,146.7,133.9,209.2,180.3,222,257.4,256.6,192.8,242.4,265.5,270.9,269.6,227.5,241.4,268.6,299.8,296.7,410.7,37.1,1011,888,989,1076,1073,956,885,933,973,806,811,808,619,555,546,418,391,411,37.1
8,Chile,,,,,,,,,,18.7,16.7,29,38,31.6,40.9,40.7,28.3,48.3,2.3,,,,,,,,,,122.1,73.1,132.4,190.6,133.8,192.7,241.9,179.3,251.5,16.2,,,,,,,,,,18.8,11.1,25.4,18.7,13.3,27.6,24.2,17.3,32.6,2.8,,,,,,,,,,24,18,33,35,33,44,48,30,38,2.8
9,China,39.5,42.6,61,58.1,64.8,79.2,60.1,46.7,55.4,80.6,104.1,96.4,98.9,167.1,164.9,219.4,278.5,574.3,57.8,289.8,305.8,598.7,585.7,488.1,540.9,518.5,393.8,780.5,576.7,1005.1,813.4,860.4,1461,1793.1,2270,2555.3,5103.1,541.3,32.4,28.4,41.1,53.1,49,61.3,67.6,55.7,87.7,88.9,142.1,186.9,148.7,310.4,218.5,330.4,382.4,862.7,85.2,84,76,124,109,123,135,95,122,148,137,184,190,162,221,207,267,308,286,85.2
10,Czech Republic,63.6,79.7,126.1,106.9,112,134.1,169.7,144.8,109.7,108.7,144.6,136.5,134.7,166.3,155.6,148.6,163.4,178.2,38.5,647.6,526.5,624.3,598.3,974.2,842.6,761.6,805.9,545.5,650.6,723.7,865.1,744.7,1375.3,1033.2,634.2,659.3,861,236.4,18.1,34.1,31,38.3,37.5,39.7,44.3,50.9,40.5,40.4,47.3,52.1,46.8,57.6,72.3,52.9,53.2,88,20.5,49,73,110,91,86,88,118,157,122,121,174,161,153,152,135,115,75,91,20.5
11,Denmark,191.4,209.8,238.1,286.7,291.3,312.3,298.4,332.2,273.8,340.2,325.7,378.5,339.4,422.7,412.8,407.2,451.7,355,43,888.1,911,984.4,1417.7,1128.1,1264.6,1080.3,1247.6,1055.6,1416.3,1427.4,1438.5,1159.5,1602.7,1528.5,1529.7,1701.1,1309.8,186.7,73.2,83.8,101.6,114.7,117.8,143.5,137.2,165.9,142.3,159.9,183,196.7,162.6,195.1,217,217.4,233,203,26.4,314,335,359,400,412,391,406,535,469,419,389,445,376,378,350,278,211,150,26.4
12,Egypt,19.7,25,21.6,19.5,33.6,21.8,31.6,30.5,31,29.9,35,39.1,39.9,38.1,34.1,29.4,23.9,38.2,7.9,264.6,215.9,224.2,282.7,334.8,194.6,326.7,302.2,327.2,229.3,318,316.7,333.1,413.9,419.8,190.4,193.1,253.8,89.3,27,26.9,26.4,25.1,32.5,66.9,37.1,48.2,48.1,46.5,45.9,59.1,113.2,63.2,80.7,64.5,30.8,61,15.9,64,67,62,57,74,53,58,80,79,66,84,85,82,62,55,35,24,30,15.9
13,Finland,66.3,59.3,78.1,97.5,102.6,99.4,94.9,94.4,103.6,124.5,130.7,134.2,159.4,160.7,161.5,161.9,122.4,113.3,31.1,489.6,300.8,395.9,415.2,520.4,403.7,411.1,350.4,439.3,611.6,598.4,774.7,817.5,737.4,630,647,443.2,404.1,120.7,27.3,26.6,35.1,37.3,42.7,37.9,46.8,48.6,52.3,73.3,73.7,72.7,77.6,86.5,78.4,75.1,61,57.8,13.9,127,110,127,161,131,148,130,306,336,313,311,250,293,254,242,245,187,156,13.9
14,France,1102.9,1190.9,1258.1,1367.3,1447.5,1342.4,1409.9,1528.2,1624.3,1600.5,1681.3,1904,2010,2071.4,1993.4,2014.7,1834.6,1837.1,375.1,4475.6,5136.4,5810,5887.2,7323,6524.1,6580.5,6395.8,6639.5,6603.6,7130.3,7596.6,8688.8,8875.6,8371,8743.9,8074.1,6871,1240.9,296,332.4,322.4,356.5,431,406.4,444.9,472.3,543.7,530.2,744.9,689.1,789,762.8,711.5,753.8,703.5,761.6,147.5,1627,1675,1990,2190,2156,1771,1484,1414,1520,1362,1387,1589,1549,1612,1546,1390,951,990,147.5
15,Germany,889.4,891.7,1172.9,1280.9,1274.7,1196.6,1052.4,1068.9,1257.4,1214.5,1199.1,1295.3,1341.1,1401.2,1472.8,1462.3,1452.4,1507.1,246.2,3954.6,4475.3,4886.7,5757.9,5607.8,4732,4665,4216.9,5736,5691.4,5060.7,5705.2,6306.5,6021.9,6333,5705.9,5506.5,5697,862.2,275.3,290.5,337.5,393.9,405.4,391.9,418.2,353.5,465,480.4,483.3,540,621.9,549.3,618.5,606.5,626.9,707.3,101.4,1167,1061,1266,1375,1321,1245,1059,1519,1572,1362,1264,1480,1398,1457,1553,1218,855,809,101.4
16,Greece,97.8,96.6,109.8,111.8,102.5,99.6,124.4,116.9,104.5,134.4,92.3,110.8,155.4,147.8,146.6,133.4,103.6,162.1,37.5,694.8,648.1,767.2,685.6,619.7,498.1,946.2,609.2,735.4,893.2,618.9,780.4,1084.4,1289.5,748,853,457,804.2,214.7,76.7,81.5,74.9,71,73.7,109.2,104.7,88.3,81.6,98,65.6,96.5,90.5,115.4,90.8,90.6,50.2,121.6,24,164,154,179,155,156,110,144,160,173,163,113,164,193,159,150,114,67,98,24
17,Hong Kong,96.1,78.8,82.9,88.9,96.6,85.1,84.5,86.7,84.4,97.9,92.7,99.5,107.5,134.4,145.4,154.8,181,268.4,27.8,600.7,488.8,475.6,482,502.6,512.6,553.2,566.1,565,766.2,618.2,688.8,844.1,977.5,1142.1,1325.2,5027.1,1667.8,171.3,74.6,60.4,63.8,76,64.3,74.3,76.9,67.2,84.7,104,90.9,137.5,137.7,162.8,155,188.1,298.2,348.1,28.7,288,226,211,228,215,200,170,249,235,210,213,219,233,223,232,251,239,266,28.7
18,Hungary,43.7,45.1,83.5,120.9,119.5,149.1,108.2,102.4,75.6,80.7,104.9,88.2,115.6,95.2,116.8,153.5,189.2,139.7,23.4,243.4,1022.3,757.5,1162,981.8,786.4,660.8,875.3,367,920.1,739.8,735,822.2,452.5,625.7,924.6,1220.2,564.1,78.8,12.5,20.8,30.1,55.1,38.2,62.6,32.4,51.4,22.9,47.5,43,36.2,31.3,26.2,41,58.3,53.4,62.7,6,50,48,69,95,99,88,77,108,90,94,119,102,116,83,92,108,80,70,6
19,Iceland,20.1,23.7,49.8,43,46.7,46.1,32.3,23.7,19.9,24.5,25.4,29,28.5,26.1,37.2,70.5,46.9,26.5,5.5,298,90.9,186.8,149,144.4,170.5,79.4,108,77.8,105.3,95.8,116.2,101.9,109.4,186.4,282.4,152,87.5,15.9,14.5,14.6,23.9,19.1,32.3,27.7,17,15.4,9.4,14.3,14.9,12.6,12.9,16.2,25.3,54.8,30.4,16.5,1.8,32,42,61,74,79,63,34,42,34,31,34,28,27,31,40,44,28,20,1.8
20,India,135.2,130.4,160.3,166,229.6,219.7,241.6,177.9,235.9,235.3,231.5,243.6,252.3,275.7,273.4,382.4,367.1,444.6,48.7,2140,2063,2566.6,2721.2,3321.5,3918.1,2874.7,2662.4,4021,3579.1,3436.8,3941.5,3508.6,3769.3,4111.6,4863,5397.8,5056.8,889.4,81.2,77.7,106.5,107.1,151.5,157.9,148.8,133,213.4,166.8,176.7,224.5,240.2,203.4,258,282.5,313.8,358.1,51.4,370,343,398,422,535,447,340,441,486,359,387,419,414,401,388,494,426,426,51.4
21,Indonesia,,,,,,,,,,19.2,18.5,17.9,22.1,24.8,32.6,36.4,37.1,39.1,3.6,,,,,,,,,,183.5,117,125.3,126.9,190.1,196.2,300.7,231,250,22.6,,,,,,,,,,18.7,19.2,33.5,22.9,30.6,26.4,34.7,39.6,55.9,3.1,,,,,,,,,,34,26,27,32,32,36,54,41,37,3.1
22,Ireland,628.9,623.6,682.8,726.5,718.4,732.3,736.1,690.4,656.6,620.3,595.9,610.6,620.3,793.2,806.4,826.5,649.5,748.5,197.9,2436.7,2301.1,2702.1,2880.7,2663.9,2549.3,2600.5,2120.9,2434.3,2686.1,2562.9,2378.5,2419.1,2900.2,3049.8,2983.5,2129.5,2410.3,849.7,201.5,173.2,218,250.1,233.2,243.7,244.8,238,256.6,230.2,225.3,228.6,251.3,285.8,371,320.1,213.1,261.9,91.7,494,551,589,683,687,664,693,773,651,573,563,545,511,749,758,550,355,376,91.7
23,Israel,152.7,122.7,127.4,106.9,138.4,102.7,125.7,124.9,122.8,120.5,108.2,141,147.6,164.7,154.4,202.1,231.4,226.3,38.1,911.7,782,859.6,807.9,964.3,581.8,740.1,727.6,779.5,745.2,634.5,762.6,936.4,1000.2,866.3,1327.6,1441,1298.6,164.6,79.5,57.5,54.8,55.8,71.7,71.4,64.3,92.4,72.3,68,70.5,89,88.5,224.6,105.3,181.1,184,205.8,54.7,290,245,229,221,233,177,153,240,226,195,150,198,193,183,169,209,161,169,54.7
24,Italy,541.6,601.4,765.4,643.7,851.2,837.7,981,747.6,932.2,1009.3,962.8,1072.2,1185.7,1165.1,1251.5,1052,989.9,1391.7,175.2,3400.5,3957.1,5234.6,3490.9,5122.6,5028.6,5346.8,4471.7,5392.1,5289,5336.9,5951.9,8484.1,6536.5,6682.2,5696.3,4084.8,7254.2,1725.4,199,292.9,292.8,281.2,380,360,475.8,360.5,437.1,544,453.2,504.4,637.9,535.6,563.1,477.8,420.8,732.5,77.2,565,561,658,600,716,718,792,985,1062,978,936,1025,952,934,937,673,443,385,77.2
25,Japan,294.5,232.5,265,242.9,245.2,220.1,167.8,180.5,168.2,166.4,177.9,155.3,157.5,151.4,180.3,174.8,192.7,310.1,66.8,1983.7,1427.5,1680.5,1840.9,1528.9,1271.8,950.6,1578.1,1051.3,900.9,1821.5,1186,857.5,1027.5,1069.5,1168,1204.5,1585,311,176.1,145.7,145.6,165.5,134.1,134.7,102.3,227.4,117.7,110.8,181.8,135.6,162.7,135.4,142.9,173.8,219.1,277.2,43.9,610,455,514,479,448,372,267,394,388,271,308,260,251,207,224,222,227,250,43.9
26,Kenya,31.6,19.8,22.1,16.5,15.9,12.7,24.6,14.9,18.5,17.8,20.8,22.3,12.5,22.4,24.5,29.3,19.8,19.6,3.7,580.4,431.2,363.5,237.6,266.9,92.7,400.4,229.3,169,210.8,243.8,301.2,194.3,391.2,289.6,400,168.6,251.2,22.5,48.5,21.9,19,13.6,14.1,6.6,28.7,18,21.8,15.8,28.2,17.6,21.3,21.4,20.8,32,14.5,29.2,1,92,55,59,56,43,36,44,42,44,36,43,49,28,42,44,62,35,37,1
27,Kuwait,31.1,36.2,32.5,33.8,43.6,46.7,35.4,49,41.9,52.8,50.5,105.7,84.3,83.4,91.5,98.2,79.7,138.4,26.5,465.5,623.8,658,460.7,602.6,808.3,485.8,734.6,511.7,747.5,707.7,1302.5,1682.8,1219.2,855.4,1231.4,1038,1323.8,176.7,62.3,72.6,51.2,77.5,84.5,158.5,87.5,106.6,75.2,156.2,248,441,405.2,260.2,171.3,327.5,235.9,309.3,42.6,86,88,82,98,98,95,60,124,93,85,94,179,152,123,139,157,124,153,42.6
28,Luxembourg,23.9,16.9,38.4,25.9,28.2,31.7,35,27.9,26.8,40,40.1,51.2,56.1,78.1,61.3,41,54.8,69.9,1,75.4,36.6,146.7,96.4,70.5,94.5,184.8,62.5,88.5,181.5,115.2,160.1,168.3,266.8,162.4,194,308.5,205.6,0.7,8,4.6,14.1,11.3,11.6,10.4,18.2,10.4,8.2,13.9,17.4,27.9,27.5,46,28.3,22.6,36,37,1.2,31,28,41,32,32,32,35,33,24,34,31,40,37,46,44,41,36,37,1.2
29,Malaysia,60.5,46.7,65,52.8,52.7,47,45.6,77.9,89.8,82.5,72,113.4,109.5,126,128.7,123.2,122,135.1,20.2,581.6,373,439.6,410.1,632.6,362.9,443.2,1262.8,581.5,658.5,637.9,1032.5,807.4,899,816,870.6,826.6,775.9,151.5,36.3,35.4,39.5,44.9,44.7,43.3,31.3,95.2,80,63.4,74.2,106.4,96.3,102.2,117.4,104.1,104.7,94.2,22.8,143,133,154,134,118,103,86,154,152,125,123,177,156,157,148,160,151,152,22.8
30,Mexico,53,57.9,52.2,55,69.5,38.1,50.4,60.7,51.9,62.2,69.8,91.4,72.8,82.2,83,126.9,110.2,145.3,24.5,363.6,281.2,2283.9,418.9,562.5,347.5,322.7,428.2,223.9,419.7,363.1,569.6,434.3,439.9,402.4,571.4,484,703.9,114.6,27,22,78.9,27.5,50.3,24.5,29.2,36.6,213.3,38.9,28.6,48.8,47.6,41.8,48.9,73.4,55.8,93.1,24.1,108,98,104,102,118,74,63,81,71,80,88,126,91,105,88,142,83,82,24.1
31,Netherlands,492.4,619.2,578.3,606.7,659.8,665.3,654.1,683.9,621.2,631.2,637.9,686.7,705.2,690.5,805.6,825.6,695.2,711.7,166.2,2299.6,2439.9,1936.4,2029.9,2057.6,1980.8,2111.1,2409.8,2238.5,2412,2440.8,2470.5,2298.4,2341.3,2939.5,2783.5,2072.4,2247.9,468.5,155.6,222.2,177.1,187.7,188,208.6,217.9,252.6,264.2,241.5,252,269.5,300.3,275.6,296.2,293.2,259.9,314,45.3,793,834,825,775,801,765,627,802,725,717,713,758,684,662,689,643,444,458,45.3
32,New Zealand,82.7,100.5,101.9,121.7,124.5,119.7,103.1,108.8,111.3,95.5,104.5,93.7,106.6,118.4,107.7,112.1,118.9,119.3,9,755.2,903.5,822.8,1247.7,1063.5,1086.1,1073.3,977.6,810.5,875.2,893.9,669.7,1088.2,1213.3,898.8,976.1,749.1,746.2,188.7,34.2,38.5,49.5,60.4,70.1,83.3,51.2,74.6,62.7,66.6,69.5,48.8,78.4,90.6,73.8,77.3,104.4,66.5,16.1,246,238,256,322,287,270,193,218,237,170,195,165,161,185,146,128,118,140,16.1
33,Nigeria,93,85.6,120.6,119.8,118.4,125,113.6,116.5,124.6,106.1,109.9,120.7,95.8,89.8,66.3,77.7,79.1,154.5,27.8,1379.2,1371.5,1760.5,2653.9,2198.5,2282.5,1715.4,1464.2,1659.9,1451.6,1402.9,1270.9,1238.2,1740.3,999.6,1115.4,932.9,1857.1,464.7,145.2,108.4,144.5,154.4,170.9,143.5,183.4,151.7,202.3,162,176.1,179.8,166,123.3,114.6,132,111.6,219.1,32,284,266,342,356,295,270,226,278,283,201,226,253,210,162,107,128,114,130,32
34,Norway,178.4,182,218,265.9,302.2,306.6,337.6,324.1,372.1,382.1,396.8,480.1,471.9,434.6,380.4,336.7,357.2,321,62.5,768.8,665.8,817.9,1065.1,1106.1,1164.7,1240.1,1192.1,1304.7,1500.8,1364.7,2009.7,1719.5,1645.8,1429.2,1190.7,1577.7,1140.6,231.2,81.5,77.1,115.8,122.9,144.8,160.6,215.9,191.6,204.3,237.1,235.7,301.7,307.3,241.4,228.2,188.2,229.4,217.8,48.6,404,362,448,436,483,493,470,670,626,562,602,691,622,487,412,257,216,184,48.6
35,Oman,,,,,,,,,,8.1,8.5,12.1,9.6,14.3,22.3,21.5,21.5,23,0.6,,,,,,,,,,129.5,59.2,127.8,80.9,97.2,124.9,196.6,199.8,159.7,4.4,,,,,,,,,,11.1,9.9,85.5,10.2,19.7,24.8,23.8,31.7,46.1,0.4,,,,,,,,,,19,22,25,25,26,34,37,30,28,0.4
36,Other Africa,102.6,100.9,113.5,93.5,98.6,110.8,83.3,93.9,87.8,77.1,88.5,113.4,106.3,96.9,85.7,116,95.9,79.6,27.1,2003.9,2057.5,2233.2,1501.6,1803.7,1357.7,1372.8,1192.5,992.2,1027.8,1238.8,1410.3,1304.9,1001,1068.7,1331.9,1071.6,852.2,380,101.3,89.1,96.1,86.9,71.1,86.2,91.1,101.7,129.3,105,113,156.9,182.1,120.9,80.8,155.7,95.7,101.8,21.3,300,280,279,247,232,221,145,182,179,131,165,166,162,149,115,131,91,89,21.3
37,Other Asia,68.6,56,65.5,76,60.8,73.4,71.8,51.9,59.7,59.6,59.9,75.7,87.1,74.5,82.6,82.3,91.2,108.1,26.3,954.3,944.3,1111.3,1422,675.7,1196.3,1011.7,971.7,1234.3,989.4,996.2,866.6,1445.9,1210,1060.6,1127.7,1069.2,1328.8,230.9,50.4,38.5,52.3,50.4,42.7,61.1,55.3,42.3,53.4,60.1,68.9,73.8,87.6,122.8,86.4,89.7,84.2,104.1,19.6,171,144,153,158,136,140,105,126,137,101,114,127,142,110,118,126,114,126,19.6
38,Other Central & South America,106,98,103.2,108.2,108.5,119.2,76.1,90.5,84.6,85,84.8,128.3,111.1,88.6,118.6,148,147.8,184.1,28.6,1709,2111.7,1121.2,1471.5,972.2,1262.8,747.5,1177.7,1178.3,896.3,1034,1459.4,1402.3,1021.8,1077.9,1414.3,1302.9,2416.6,277.8,77.5,65.8,60.2,72.5,74.8,76.4,55.5,76,75,62.2,67.5,98,89.3,78.1,121.9,134.5,102.2,161.3,20,245,224,255,221,233,185,119,148,155,121,121,156,129,110,145,139,114,111,20
39,Other Eastern Europe,79.3,74.4,86.2,285.3,404.8,485,352.5,266.9,261.2,291.3,291.1,307.6,258.3,314,349.5,383.6,431.7,443,77.1,697.7,522,788.6,3366.2,3772.5,4881.4,3011.7,2018,2580.1,2363.7,2195.8,2014.1,1723.1,2121.5,2045.1,2604.2,2481,3476.6,337.1,45,41.8,46.6,147,191.5,247,205,174.9,145.8,190.8,183.4,176.3,136.5,197.3,151.6,229.7,190.5,236.3,31.3,137,115,102,303,346,434,264,314,312,292,294,311,259,246,270,250,168,168,31.3
40,Other Middle East,80.6,66.9,83.2,77.8,97,93.2,91.6,115.1,97.4,55.8,45.5,40.4,55.3,43.5,48.2,53.7,50.9,50.2,5.3,943.3,983.9,1278.5,886.8,1426.3,1009.4,1154.3,1409.8,1055.8,790.8,603.1,480.6,607.7,464.1,447.1,429.6,477.9,330.5,56.5,98.1,88.4,104.8,137.5,134,139.8,152.5,210.9,188.6,100.3,64.1,92,129.3,90.2,100.6,103.1,102,83,19.8,212,178,216,209,207,203,160,300,261,128,116,84,115,84,92,100,95,84,19.8
41,Other Southern Africa,19,11.9,13.6,12.2,11.4,12.3,11.7,5.6,1.8,21.3,19.4,17,19.6,16.5,17.6,30.1,19.9,19.9,6.2,225.6,249.1,163.4,179.7,218.4,111.4,163.2,92.3,15.5,525.6,241.7,290.9,326.7,161.2,163.2,448,248.3,277.6,89.5,19.3,7.9,5.7,4.9,7.8,8.1,4.4,9.7,4.2,24.1,19.5,12.8,13.3,16.6,13.6,31.9,25.5,19.2,5.6,32,33,31,29,22,24,13,11,5,32,42,30,37,31,30,41,26,28,5.6
42,Other Western Europe,80.3,75.1,101.9,81.8,106.9,122.8,118.2,122.6,96.6,94.1,94.8,103.5,117.6,113.6,132.3,145.8,92,164.1,35.4,695.1,733.1,780.4,745.9,770.4,1421,833.6,867.1,734,651.1,754,806.9,613.4,859.5,1093.3,982.3,525.5,890.5,334.6,60.2,47.4,61.1,57.6,72.6,74.2,113.1,109.8,71.3,87.4,72.7,99.3,104.6,61.5,148.1,102.5,54.3,120.1,23.2,179,153,183,176,186,184,151,227,194,150,159,152,155,134,145,142,85,100,23.2
43,Pakistan,43,35.6,49.2,58.3,66.1,55.5,47.7,38.4,32.5,31.4,40.6,39.7,49,35.1,39.8,47.3,47.3,57.1,16.5,633.4,688,1176.2,1373.5,1438.9,1099.2,1108,813.7,628.2,909.6,802.8,650,867.8,622.8,678.7,673.9,596.3,795.8,510.4,39,27.2,49,53,68.4,67.5,45.2,40.5,30.5,54.5,44.6,77.3,42.6,41.8,45.6,81.5,45.7,69.7,31,112,87,111,140,129,108,82,111,99,75,97,90,97,71,65,86,65,75,31
44,Poland,115.3,167.2,277.8,425.2,528.2,432.7,451.3,359.6,355.7,353.7,396.2,419.2,446.5,531.4,534.1,506.8,510.3,517.5,107.4,2762.7,4811.1,6400.7,8529,7841.5,4791.3,5422.2,3670.9,3954.4,3083.3,3663.2,3054.5,3298.3,4074.1,4305.5,2943.1,2861.1,2197.4,496.3,48.2,67.8,148.2,163.8,277.7,174.8,198.2,146.5,160,140.1,135,175,141.7,167.4,156.5,161.2,140.3,180.5,37.7,96,111,175,241,258,207,229,323,366,337,332,367,380,384,381,315,190,183,37.7
45,Portugal,97.8,97.5,97,113.6,120.8,144.1,133.8,136.7,172.4,165.6,153,138,191.3,223,279.9,257.1,215.8,353.7,82.2,582.1,434.4,631.9,763.9,488.4,729,712.8,645.3,1115.2,817.8,1157.7,819.2,1328.8,1203.8,1626.4,1484.9,1133,2243.6,414.6,49.1,38.5,41.4,65.7,41.8,66.4,68.8,66,74.8,76.5,80.7,61.2,86,99.8,123.7,127.6,84.1,210.3,36.8,183,169,157,171,169,164,131,204,250,212,179,168,184,211,233,166,111,132,36.8
46,Qatar,,,,,,,,,,24.6,31.7,43.6,32.8,41.8,51.4,60,59.9,109.3,23.4,,,,,,,,,,253.4,253.8,413.6,293.2,356.6,525.1,967.2,629.5,1001.7,221.4,,,,,,,,,,63.5,68.9,155.7,100.1,104.1,126.2,168,127.3,403.8,47.9,,,,,,,,,,38,60,78,60,64,74,89,75,82,47.9
47,Romania,,,,,,,101.1,107.8,121.9,127.9,109.8,158.6,170.5,237.7,277.6,320.9,313.9,309.4,72,,,,,,,1195.4,1403.1,1554.5,1385.9,1457.8,1771.8,2382.2,2946.1,4876.2,2902.9,3671.2,4171.4,704,,,,,,,44.9,51.9,71.7,67.4,57.4,100.4,99.1,121.8,194.3,147.5,170.6,209.5,35.9,,,,,,,75,110,145,152,140,181,170,158,193,214,122,120,35.9
48,Russia,143.2,160.1,193.4,133.2,159.6,165.1,125,85.7,119.1,154.4,155.3,147.2,164.8,99,92.6,153.3,121.9,118.7,25.8,943.9,1957.9,3216.8,951.6,1165.8,1451,757.5,545.1,905.6,1291.4,1122.5,957,1340.8,772.6,718.4,1138.7,825,881.2,153.2,119.3,166.5,189.1,105.1,126.5,193.2,113.9,87.8,120.2,234.3,165,168.8,178.5,83.6,78.2,137.8,121.8,111.6,24.7,214,221,260,163,172,198,123,122,185,186,187,186,175,107,109,154,125,110,24.7
49,Saudi Arabia,42.8,34.1,37.7,37,39.5,56.5,63.8,58.6,54.2,66.8,74.4,90.9,99.1,103.9,108.5,114.6,120.5,185.9,31.3,384.5,294.7,364.4,438.3,442.5,621.4,714,571.6,424.6,761.8,645.8,906.9,1052,1151.9,1095.9,1569.8,1249.7,1845.8,260.6,59.6,47.8,54.2,74.4,87.6,93.7,138,120.2,101.5,175.5,202.8,218.7,250.3,317.3,253,739.1,315.3,492,74.7,124,99,92,95,89,111,107,158,134,111,146,166,174,165,154,169,167,192,74.7
50,Serbia,,,,,,,,,,18.8,17.8,16.3,12.5,16.9,12.9,22,17.3,7.9,6.4,,,,,,,,,,118.3,245.4,122.4,69.7,222.2,269.4,151.5,99,31.5,59,,,,,,,,,,16.7,16.6,8.9,8.5,9.9,7,11.5,14.9,3.6,3.1,,,,,,,,,,26,23,24,19,22,12,18,18,13,3.1
51,Singapore,57.5,52.6,57.2,49.9,70.9,63.4,77,64.7,89.2,88.9,106.7,91.5,120.6,148.6,124.5,155.8,121.8,159.5,10.2,328.8,277.1,331.7,359.5,506.9,449.2,403.6,410.8,533.3,585.1,861.3,495.5,735.2,946.9,702.8,909.6,1033.6,951.5,105.1,32.4,39.9,40.3,35.3,54.7,61.6,62.1,59.3,77.1,105.7,125.5,122.8,144.3,212.4,128.2,173.4,143.4,200,13.2,148,135,139,145,172,154,139,166,229,191,230,213,224,214,173,162,123,138,13.2
52,South Africa,162.5,156.8,167.6,180.1,216.8,174.8,164.2,131.5,123.4,108.7,118.8,142.3,124.5,134.5,103.8,128.6,113.1,121.9,15.9,2008.1,1662.9,1732.8,1568.2,2549.6,2115.2,1571.1,1684.6,960.3,773.5,1026.9,1380,996.7,1059.5,909.8,1009.7,788.5,856.3,108.1,111.2,152.3,97.5,106.5,134.7,124.7,126.5,79.6,106.4,87.5,115.1,131.8,132.1,138.8,111.5,140.2,112.7,126.5,13.8,452,407,404,454,481,365,292,320,272,208,222,273,237,234,202,200,166,167,13.8
53,South Korea,67,88.6,114.6,119.1,119.4,128,109.5,58,84.8,108.1,130.7,154.8,164.6,181.9,160.3,164.4,137.1,265.9,52.4,548.8,568.5,513.4,868.8,684.4,828,1244.2,635.2,856.5,691.9,631.7,914.3,1075.2,799.8,1098.8,1031.7,777.5,1850.2,234.5,35.8,39.6,40.4,46.3,44.5,64.6,67.5,48.5,50.7,79,66.1,83.3,127.6,82.3,105.2,129,108.4,215.1,25.3,108,134,165,203,153,130,118,96,96,102,128,140,163,145,128,149,116,122,25.3
54,Spain,444.4,526.6,691.6,709.7,933.5,967.5,895.3,1011.3,875.2,894.8,795.9,865.7,984.3,1153.2,1281.7,1224.2,1254.5,1212.3,173.8,3255.1,3568.5,4201.3,4289.9,5189.6,5224,4496.6,5067,4542.4,4785.4,4923.3,5335.7,6129.1,6017.2,7448.9,7037.6,5936.6,6202.6,1147.1,212,220.6,273.3,268.8,376.4,402.8,381.1,463.8,403.2,436.2,365.6,498.7,508.8,513.2,542.8,555.4,618.6,488.3,86.2,574,636,733,701,887,758,681,1326,1326,1115,795,860,884,917,949,784,608,556,86.2
55,Sweden,291.9,307.9,327.2,333.8,383.1,401.9,417.5,335.1,442.6,457.7,503.1,516.1,547.4,553.6,506,509.1,456.6,458.4,56.8,1264,1299.2,1478.8,1653.7,1390.6,1832.9,1736.5,1404.2,1699.1,1979,2038.2,2223.4,1942.9,2315.7,2114,1968.4,1729.8,1810.1,190.5,113,105.9,120.8,118,143.4,155.7,195.9,146.5,206.8,238,239.7,277.6,325.2,365.2,289.6,276.2,225.1,235.3,34.4,552,498,536,531,585,611,644,888,931,799,784,801,738,654,530,408,288,239,34.4
56,Switzerland,310.6,297.1,292.6,331.4,389.2,372.4,348.2,354.3,314.5,391.2,425,453.8,503.1,504.4,527,505.7,424.2,486,87.7,1149.1,1217.3,1066.2,1388.1,1943.1,1492.7,1380.4,1612.7,1178.9,1752.6,1689.4,1908.3,1853.6,2300.1,2172.3,1714.3,2193.1,1653.8,269,129.7,125.6,138.3,163.9,206.2,184,157.8,202.8,162.2,233.4,337.6,303,308.5,333,378.9,278.2,245.4,282.3,77.4,426,376,485,518,507,476,300,393,389,404,437,462,475,503,488,384,283,282,77.4
57,Taiwan,18.9,20.4,23.3,22.1,18.9,23.1,17.8,23.1,23.3,23.6,27,28.8,37.9,33.7,36.8,54.6,63.1,122.5,10.3,205.2,236.2,224.6,238.9,124.6,136.5,388,146.6,215.3,112.9,430.6,224.6,403.5,340.6,297.3,388.8,335.6,762.4,57.9,16,15.6,18.6,16.9,9.9,18.7,19.2,55,21.8,9.2,35.2,34.2,38.9,62.8,28.4,47.4,58.5,158.9,8.2,43,38,51,40,41,43,31,67,58,36,43,46,60,49,53,68,47,65,8.2
58,Thailand,21.4,26.3,29.6,27.3,29.7,36.5,22,39.4,30.1,35.9,38,41.9,35.5,43.3,46.3,59.3,54.4,121.3,17.6,180.1,200.4,262.3,205.7,361.9,415.4,268.5,384.9,453.6,419.5,384.8,271.7,332.5,510.9,443.6,414.5,409.6,866.3,120.5,13.7,18.7,23.6,21.3,23,33,18.6,34.3,25.2,43.3,35.3,58.2,30.2,51.9,48.2,54.9,60.6,158.9,29.4,48,67,71,66,71,74,48,87,82,77,98,91,73,59,60,55,55,47,29.4
59,Turkiye,41.2,61,55.9,51.9,91.6,77.9,75.4,58.9,71.7,69.4,91.5,90.8,103,116.8,114.5,106.7,110,187.6,15.9,381,536.7,494.1,372.5,1167.7,841.2,614.6,530.1,645,669.8,913.9,627.9,817.3,627.3,917.4,821.9,866.4,989,91.6,31.7,44.5,50.9,60.5,56.7,94.6,62.3,50.9,76.3,73.3,101.5,83.6,100.9,79.7,106.5,72.5,107.3,147.8,46.2,89,97,102,88,142,133,120,142,185,157,201,156,190,139,129,86,88,84,46.2
60,United Arab Emirates,60.6,58.3,73.2,61.8,89.1,91.5,123.7,121.4,107.2,118.2,133.3,161.3,152.1,181.3,185.4,201.7,208.8,313.8,47,663,539,689.3,562.3,867,838.4,849.9,1119.1,1133.8,973.6,1228.3,1651.5,1187.9,1504.9,1356.5,1763.8,1602.2,2259.5,315.5,68.7,58.4,95,90.4,107.3,101.2,173.3,184.4,174.2,141.3,286.1,415.7,297.6,301.4,306,434.6,411.6,554.3,103.8,180,151,170,181,219,212,246,303,289,236,294,334,323,327,298,353,334,330,103.8
61,United States,2446.3,2233.1,2406.4,2276.8,2536.9,2333.6,1907.9,1839.1,1765.6,1842.8,1862.3,1877.9,1982.2,2142.3,2321.7,2617.3,2631.2,3087.8,497.1,14139.1,12677.5,13340.7,12346,13843.4,13218.5,11463.8,10242.8,11390.2,10485.4,11225.7,10265.3,13388.3,11832.4,12435.2,15196.1,14965.5,14361.8,2639,1462.3,1412.3,1400.7,1473.2,1598.6,1578.1,1333.4,1278.8,1295.3,1386.6,1487,1522.3,1667.5,1811.1,1981.8,2232.1,2042.7,2454.8,387.8,6270,5685,6038,5814,5595,4540,3192,3953,3775,3077,3259,3323,3278,3186,3342,3519,2961,3593,387.8
62,Grand Total,11603.4,11695.8,13389.3,13892.6,15592.6,15339.8,14753,14211.3,14705.5,15289.5,15460.9,16810.8,17404.2,18581.1,19059.5,19827.8,19090.2,21713.5,3696.3,75402.1,78946.7,90237.3,91843.3,101067.6,95846.1,90814.9,85685.7,90317.9,91498.4,94299.7,98118.8,108006.5,108321.4,111058.4,114016.5,110932.2,118872.4,21373.3,5787.9,5869.9,6439.3,6858.6,7821.6,8192.4,8125.7,8238.2,8741.2,9411.4,10074.5,11495.6,11825.4,11919.2,11868.6,13546.6,12329.4,15725,2555.6,22359,20906,23309,23994,24206,21596,17997,23075,23459,20201,20381,21835,20725,20206,19800,18638,14475,15079,2555.6
63,Q1 (January-March),2194.519118,2529.72233,2736.403266,3090.874709,2992.327591,3282.938939,3275.398197,2991.180136,2975.000032,3145.166842,3238.596637,3334.13289,3509.465626,3568.62397,3871.899721,4483.669786,4031.780655,4555.766215,,,,,,,,,,,,,,,,,,,,,1084.382545,1285.789257,1285.789257,1445.51033,1474.59438,1637.425248,1633.871932,1643.183315,1653.570014,1834.017448,1884.264608,2126.948409,2403.714018,2159.078967,2278.613424,2683.310475,2564.779117,3122.450694,,,,,,,,,,,,,,,,,,,,
64,Q2 (April-June),2996.205627,2795.592924,3371.039412,3704.257871,4070.894011,3947.732564,3915.080621,3748.283959,3581.730937,4018.948604,4115.636011,4523.958919,4824.019196,5140.409483,4983.304514,5514.332258,4936.155022,5373.786327,,,,,,,,,,,,,,,,,,,,,1442.622636,1645.658183,1645.658183,1707.399077,1946.648918,1942.947254,2070.411886,2090.521113,2267.361715,2259.948857,2461.57254,2855.038469,2949.095091,3167.293359,2993.283348,3442.157947,3076.900829,3718.874802,,,,,,,,,,,,,,,,,,,,
65,Q3 (July-September),3501.537557,3445.821864,3868.16858,3723.463713,4688.816728,4343.078365,4130.338507,4023.865154,4285.271092,4427.02546,4082.260895,4819.729032,4945.598666,5237.745131,5199.559522,5242.301766,5246.846093,6122.331938,,,,,,,,,,,,,,,,,,,,,1748.546449,1834.114033,1834.114033,1844.329447,2381.074678,2461.567096,2345.695466,2419.755253,2460.263176,2819.221194,3212.410503,3373.471667,3627.178942,3476.289274,3363.584783,4386.233629,3540.189037,4482.575959,,,,,,,,,,,,,,,,,,,,
66,Q4 (October-December),2911.119741,2924.613367,3413.719029,3373.973232,3840.608271,3766.021184,3432.176867,3447.968563,3863.539616,3698.351808,4024.370703,4132.937381,4125.132162,4634.366773,5004.782141,4587.512011,4832.63109,5661.580696,,,,,,,,,,,,,,,,,,,,,1512.301891,1673.713398,1673.713398,1861.342276,2019.282121,2150.466966,2075.706658,2084.770232,2359.977063,2498.196569,2516.29573,3140.09434,2845.424529,3116.583804,3233.09238,3034.015574,2976.890106,4401.100787,,,,,,,,,,,,,,,,,,,,
